times,x1,y1,vx1,vy1,radiusl,x2,y2,vx2,vy2,radius2,x3,y3,vx3,vy3,radius3,x4,y4,vx4,vy4,radius4,x5,y5,vx5,vy5,radius5
235.512,1.9751163954134712,2.05812716964787,0.005531213214339694,-0.019038398923178462,0.18937470701057074
235.614,1.9751163954134712,2.05812716964787,0.005531213214339694,-0.019038398923178462,0.18937470701057074
235.712,1.9751163954134712,2.05812716964787,0.005531213214339694,-0.019038398923178462,0.18937470701057074
235.812,1.9751163954134712,2.05812716964787,0.005531213214339694,-0.019038398923178462,0.18937470701057074
235.912,1.9751163954134712,2.05812716964787,0.005531213214339694,-0.019038398923178462,0.18937470701057074
236.012,1.9524678577949457,2.0386301558540936,-0.01345003391565844,-0.03343135170680356,0.18667249991007628
236.112,1.9524678577949457,2.0386301558540936,-0.01345003391565844,-0.03343135170680356,0.18667249991007628
236.212,1.9524678577949457,2.0386301558540936,-0.01345003391565844,-0.03343135170680356,0.18667249991007628
236.312,1.9296652412180317,2.003370638758226,-0.031011499902560566,-0.05955254471940169,0.18278275789123735
236.412,1.9296652412180317,2.003370638758226,-0.031011499902560566,-0.05955254471940169,0.18278275789123735
236.513,1.9264752788940567,2.0505563522710917,-0.031087414576647748,-0.01412890707456136,0.18130956857239336
236.612,1.923159710009612,1.9671462933953736,-0.03127218345795629,-0.08738091851617372,0.17776646424588088
236.718,1.921146821041994,1.9180178919070987,-0.030215589286944056,-0.1256785408917721,0.1771507773694413
236.812,1.921146821041994,1.9180178919070987,-0.030215589286944056,-0.1256785408917721,0.1771507773694413
236.912,1.921146821041994,1.9180178919070987,-0.030215589286944056,-0.1256785408917721,0.1771507773694413
237.012,1.921146821041994,1.9180178919070987,-0.030215589286944056,-0.1256785408917721,0.1771507773694413
237.112,1.921146821041994,1.9180178919070987,-0.030215589286944056,-0.1256785408917721,0.1771507773694413
237.213,1.921146821041994,1.9180178919070987,-0.030215589286944056,-0.1256785408917721,0.1771507773694413
237.312,1.921146821041994,1.9180178919070987,-0.030215589286944056,-0.1256785408917721,0.1771507773694413
237.413,1.9397674242818175,1.826256239765502,-0.011266455852329956,-0.19501790887193318,0.17521507792953453
237.512,1.9397674242818175,1.826256239765502,-0.011266455852329956,-0.19501790887193318,0.17521507792953453
237.612,1.937926666687738,1.7843070206234444,-0.011931998154692982,-0.2159385948396733,0.17400750184815794
237.716,1.937926666687738,1.7843070206234444,-0.011931998154692982,-0.2159385948396733,0.17400750184815794
237.812,1.937926666687738,1.7843070206234444,-0.011931998154692982,-0.2159385948396733,0.17400750184815794
237.912,1.9345720218666689,1.7104285639624675,-0.014001406690838027,-0.26599686207603296,0.17227406128982567
238.012,1.9345720218666689,1.7104285639624675,-0.014001406690838027,-0.26599686207603296,0.17227406128982567
238.119,1.9345720218666689,1.7104285639624675,-0.014001406690838027,-0.26599686207603296,0.17227406128982567
238.212,1.9345720218666689,1.7104285639624675,-0.014001406690838027,-0.26599686207603296,0.17227406128982567
238.312,1.9345720218666689,1.7104285639624675,-0.014001406690838027,-0.26599686207603296,0.17227406128982567
238.412,1.9345720218666689,1.7104285639624675,-0.014001406690838027,-0.26599686207603296,0.17227406128982567
238.512,1.9345720218666689,1.7104285639624675,-0.014001406690838027,-0.26599686207603296,0.17227406128982567
238.612,1.9345720218666689,1.7104285639624675,-0.014001406690838027,-0.26599686207603296,0.17227406128982567
238.713,1.9345720218666689,1.7104285639624675,-0.014001406690838027,-0.26599686207603296,0.17227406128982567
238.813,1.9370632574656599,1.5074252456313533,-0.011091216343770909,-0.39792143375138955,0.1707861853393483
238.912,1.9370632574656599,1.5074252456313533,-0.011091216343770909,-0.39792143375138955,0.1707861853393483
239.012,1.9370632574656599,1.5074252456313533,-0.011091216343770909,-0.39792143375138955,0.1707861853393483
239.112,1.9370632574656599,1.5074252456313533,-0.011091216343770909,-0.39792143375138955,0.1707861853393483
239.213,1.9370632574656599,1.5074252456313533,-0.011091216343770909,-0.39792143375138955,0.1707861853393483
239.313,1.9370632574656599,1.5074252456313533,-0.011091216343770909,-0.39792143375138955,0.1707861853393483
239.413,1.9370632574656599,1.5074252456313533,-0.011091216343770909,-0.39792143375138955,0.1707861853393483
239.512,1.9370632574656599,1.5074252456313533,-0.011091216343770909,-0.39792143375138955,0.1707861853393483
239.612,1.9370632574656599,1.5074252456313533,-0.011091216343770909,-0.39792143375138955,0.1707861853393483
239.712,1.9370632574656599,1.5074252456313533,-0.011091216343770909,-0.39792143375138955,0.1707861853393483
239.812,1.9370632574656599,1.5074252456313533,-0.011091216343770909,-0.39792143375138955,0.1707861853393483
239.919,1.9370632574656599,1.5074252456313533,-0.011091216343770909,-0.39792143375138955,0.1707861853393483,2.1184223043090733,0.3400811410161108,0.00030553798191611535,0.0009060072299210303,0.48255628937687467
240.012,1.9370632574656599,1.5074252456313533,-0.011091216343770909,-0.39792143375138955,0.1707861853393483,2.128588740889562,0.3688587697791722,0.0033135629187867896,0.009419453721226987,0.5082380251483286
240.112,1.9370632574656599,1.5074252456313533,-0.011091216343770909,-0.39792143375138955,0.1707861853393483,2.127373650699388,0.36349776167333836,0.00243874782330175,0.005853912389761709,0.5041280668088857
240.212,1.9370632574656599,1.5074252456313533,-0.011091216343770909,-0.39792143375138955,0.1707861853393483,2.1342780059857787,0.37255034874695425,0.008598130379692108,0.01368408294481831,0.5166639920825998
240.312,1.9370632574656599,1.5074252456313533,-0.011091216343770909,-0.39792143375138955,0.1707861853393483,2.1265193030552285,0.35839948503170616,-0.003220938350791104,-0.007598391114526263,0.5033296297922678
240.412,1.9370632574656599,1.5074252456313533,-0.011091216343770909,-0.39792143375138955,0.1707861853393483,2.121451446073314,0.34932192893646097,-0.01123717065401371,-0.02164813390858012,0.49669455894479386
240.512,1.9370632574656599,1.5074252456313533,-0.011091216343770909,-0.39792143375138955,0.1707861853393483,2.113902511338206,0.3360639219305235,-0.02299424853426461,-0.041946830073865814,0.4863656360019705
240.612,1.9370632574656599,1.5074252456313533,-0.011091216343770909,-0.39792143375138955,0.1707861853393483,2.1004957249362533,0.31249939335377713,-0.04353503861949981,-0.07776739196747295,0.47057831656754523
240.712,1.9370632574656599,1.5074252456313533,-0.011091216343770909,-0.39792143375138955,0.1707861853393483,2.097993099946934,0.30909740840351224,-0.04018433997079031,-0.06984764996874875,0.46690697418961613
240.812,1.9370632574656599,1.5074252456313533,-0.011091216343770909,-0.39792143375138955,0.1707861853393483,2.0937325104872864,0.3025593255490089,-0.040608689526802445,-0.06906489096433417,0.4608497915018553
240.912,1.9370632574656599,1.5074252456313533,-0.011091216343770909,-0.39792143375138955,0.1707861853393483,2.078321656697567,0.2751109239507826,-0.0598482124925511,-0.10388578306358212,0.4423783731325448
241.012,1.9370632574656599,1.5074252456313533,-0.011091216343770909,-0.39792143375138955,0.1707861853393483,2.064088908673894,0.24729616606362964,-0.07342935354625002,-0.1325799518391715,0.42412770882568923
241.113,1.9370632574656599,1.5074252456313533,-0.011091216343770909,-0.39792143375138955,0.1707861853393483,2.047981083352172,0.21531015755470143,-0.08753262485955284,-0.16271452900708525,0.4023754477060081
241.212,1.9370632574656599,1.5074252456313533,-0.011091216343770909,-0.39792143375138955,0.1707861853393483,2.0416203780556805,0.20350125572326605,-0.08374790258413498,-0.1556553387350837,0.3911187420622795
241.312,1.9370632574656599,1.5074252456313533,-0.011091216343770909,-0.39792143375138955,0.1707861853393483,2.0230803886598574,0.1789977349139616,-0.0996392418806521,-0.16962816711793924,0.3824868779174181
241.412,1.9370632574656599,1.5074252456313533,-0.011091216343770909,-0.39792143375138955,0.1707861853393483,2.0139306474947327,0.1543393918247904,-0.09837615587687658,-0.18156665193655705,0.36130556848958
241.512,1.9370632574656599,1.5074252456313533,-0.011091216343770909,-0.39792143375138955,0.1707861853393483,2.0027362077209547,0.128327476622255,-0.10047127733520683,-0.1936962285043043,0.3391857551661975
241.616,1.9370632574656599,1.5074252456313533,-0.011091216343770909,-0.39792143375138955,0.1707861853393483,1.996752410577097,0.09997323237459632,-0.0942133135367546,-0.20753350662036282,0.3083024345906436
241.714,1.9370632574656599,1.5074252456313533,-0.011091216343770909,-0.39792143375138955,0.1707861853393483,1.9879070385929958,0.07541137659276406,-0.09331023002752394,-0.2135051052264421,0.29729906885546636
241.812,1.9370632574656599,1.5074252456313533,-0.011091216343770909,-0.39792143375138955,0.1707861853393483,1.98703651263672,0.06552834660278122,-0.08025636567263073,-0.19581170795398672,0.28274978271389334
241.913,1.9370632574656599,1.5074252456313533,-0.011091216343770909,-0.39792143375138955,0.1707861853393483,1.9846288663036045,0.049632675583651586,-0.07165134216970086,-0.1901666621505828,0.2659887134779546
242.012,1.9370632574656599,1.5074252456313533,-0.011091216343770909,-0.39792143375138955,0.1707861853393483,1.9853335847389824,0.04419958717962971,-0.05962431602076232,-0.16940769082718182,0.25416400618556373
242.116,1.9370632574656599,1.5074252456313533,-0.011091216343770909,-0.39792143375138955,0.1707861853393483,1.985450528627178,0.03714463374628054,-0.05033095876862495,-0.15429554374803367,0.24232015925440553
242.212,1.9370632574656599,1.5074252456313533,-0.011091216343770909,-0.39792143375138955,0.1707861853393483,1.985107178641016,0.030909581856503603,-0.04315264340536206,-0.14022206514513133,0.2321580029261353
242.312,1.9370632574656599,1.5074252456313533,-0.011091216343770909,-0.39792143375138955,0.1707861853393483,1.9868099464396134,0.025063131734823944,-0.03392768561346741,-0.1276895618455464,0.22330277257831418
242.412,1.9370632574656599,1.5074252456313533,-0.011091216343770909,-0.39792143375138955,0.1707861853393483,1.988026255964374,0.022094341827417277,-0.026853574416121573,-0.1126480579478387,0.21580286272086568
242.512,1.9370632574656599,1.5074252456313533,-0.011091216343770909,-0.39792143375138955,0.1707861853393483,1.9872955043056797,0.021495778152497626,-0.023850798631473723,-0.09626197445692287,0.20953994309489843
242.612,1.9370632574656599,1.5074252456313533,-0.011091216343770909,-0.39792143375138955,0.1707861853393483,1.9866027098811405,0.024718079023824772,-0.021249410427934805,-0.07651120948988897,0.20515391895246646
242.718,1.9370632574656599,1.5074252456313533,-0.011091216343770909,-0.39792143375138955,0.1707861853393483,1.9864947327748075,0.025799960074600455,-0.018147803145946495,-0.06308194478839821,0.200934282442516
242.812,1.9370632574656599,1.5074252456313533,-0.011091216343770909,-0.39792143375138955,0.1707861853393483,1.9863596475228238,0.028812241572251176,-0.015564366197461935,-0.048746686829313816,0.19750812135603418,2.491989276027451,0.9402727922288481,-0.0002520120817979035,-0.0005896434771346463,0.22804945486316341
242.912,1.9370632574656599,1.5074252456313533,-0.011091216343770909,-0.39792143375138955,0.1707861853393483,1.987092563131984,0.03052957487636214,-0.012043018451994257,-0.03860725479168552,0.19446281376310576,2.4872317858665816,0.9182215008978121,-0.0029552807475871643,-0.01315252140284181,0.23547136430652238
243.013,1.9370632574656599,1.5074252456313533,-0.011091216343770909,-0.39792143375138955,0.1707861853393483,1.9885478020858194,0.03165276185713727,-0.007952261866739833,-0.030941280002637,0.1916052917456705,2.478736615157761,0.8935187318478076,-0.012741652781878311,-0.04106580392640057,0.2433026807797313
243.112,1.9370632574656599,1.5074252456313533,-0.011091216343770909,-0.39792143375138955,0.1707861853393483,1.9881069735642414,0.03276324330656012,-0.007407163238812508,-0.024474175199974094,0.18937478849556186,2.4749523565636053,0.8699226094562612,-0.01689353722633228,-0.0733029824169587,0.25351309981738274
243.213,1.9370632574656599,1.5074252456313533,-0.011091216343770909,-0.39792143375138955,0.1707861853393483,1.9889447503878748,0.03367059651297964,-0.004979380343726988,-0.019314409381951392,0.18766562752221017,2.475171984029958,0.834502243261387,-0.013337955864790176,-0.12562226279280814,0.2592200461406047
243.318,1.9370632574656599,1.5074252456313533,-0.011091216343770909,-0.39792143375138955,0.1707861853393483,1.9897914160287027,0.03465873733828459,-0.0029114069832827986,-0.014824151455461418,0.1859554331657213,2.4729087269999313,0.8051949378005288,-0.015103285798042591,-0.157426260386392,0.2619548519704524
243.413,1.9370632574656599,1.5074252456313533,-0.011091216343770909,-0.39792143375138955,0.1707861853393483,1.990001642680158,0.03461391428922097,-0.002140338429583108,-0.01261323353445427,0.1839015800696204,2.4732428147409475,0.7492687077991206,-0.011759088875661697,-0.23028501965105153,0.2676240862087151
243.512,1.9370632574656599,1.5074252456313533,-0.011091216343770909,-0.39792143375138955,0.1707861853393483,1.9916030505146565,0.03582292616224426,0.0006516198702950443,-0.008814117856620304,0.1830242963088106,2.474879033752223,0.6908080081636312,-0.00686164685385338,-0.2919917200708439,0.27008320889019377
243.612,1.9370632574656599,1.5074252456313533,-0.011091216343770909,-0.39792143375138955,0.1707861853393483,1.992605509796796,0.03574333430567165,0.0020930606371669927,-0.007581023576385602,0.18156796049059606,2.47602540806906,0.6381098727310786,-0.0037766356680067953,-0.3315513501444481,0.2752125394591512
243.712,1.9370632574656599,1.5074252456313533,-0.011091216343770909,-0.39792143375138955,0.1707861853393483,1.9935470691857866,0.03693116157317581,0.0032191584726772226,-0.004588470230030342,0.18051248702949174,2.4754846131914667,0.5842214059937735,-0.004043875263682448,-0.36551642502618303,0.2782538802952516
243.813,1.9370632574656599,1.5074252456313533,-0.011091216343770909,-0.39792143375138955,0.1707861853393483,1.9935290892539752,0.038469378415497975,0.002696452176622825,-0.001517299829337212,0.18017300497320776,2.476923408813654,0.5293512165655548,-0.0010867459740249693,-0.39490596870778416,0.2802451158088887
243.912,1.9370632574656599,1.5074252456313533,-0.011091216343770909,-0.39792143375138955,0.1707861853393483,1.9939520008168763,0.03989031591150935,0.0029321508899877715,0.0009012069913264017,0.17957599536007798,2.475933312164231,0.48231489241245523,-0.002479516745709511,-0.40682927875639446,0.2809296199443967
244.012,1.9370632574656599,1.5074252456313533,-0.011091216343770909,-0.39792143375138955,0.1707861853393483,1.9951273029723515,0.04056372214669322,0.0042886549969934715,0.0017982037338034303,0.17929308673929834,2.4766909954870524,0.4289722143706389,-0.0009388806015227949,-0.4262240579088237,0.28130735986363165
244.112,1.9370632574656599,1.5074252456313533,-0.011091216343770909,-0.39792143375138955,0.1707861853393483,1.9951551682995907,0.04090059280130893,0.0036719834205232327,0.002039720947924155,0.17933536016473806,2.4787980733594877,0.3725253336384556,0.0023215794638266033,-0.44670331558526744,0.2828294800260363
244.212,1.9370632574656599,1.5074252456313533,-0.011091216343770909,-0.39792143375138955,0.1707861853393483,1.9958109291307526,0.042569836669424516,0.004115744495896606,0.004293065032425959,0.18010463395230583,2.4789782873699617,0.3151302073222372,0.002246042488382631,-0.4652077375611916,0.28254466582611304
244.312,1.9370632574656599,1.5074252456313533,-0.011091216343770909,-0.39792143375138955,0.1707861853393483,1.997152741776033,0.04302732003028239,0.005546296216391124,0.0043363963558723535,0.18015443481683227,2.4811955698904886,0.2648234398044779,0.005119421722326013,-0.47066702118419057,0.28385263202193195
244.412,1.9370632574656599,1.5074252456313533,-0.011091216343770909,-0.39792143375138955,0.1707861853393483,1.996821288001663,0.04334499281675,0.00418364692758117,0.004158058577295231,0.18056021094198754,2.482558970437746,0.21841643720175066,0.006329330900502962,-0.46972959837846495,0.28534813172204077
244.512,1.9370632574656599,1.5074252456313533,-0.011091216343770909,-0.39792143375138955,0.1707861853393483,1.996275909488268,0.044571369038590304,0.002701569411749519,0.005404581617850476,0.18158145365505152,2.4811777315790784,0.16501261138258744,0.003548580726058035,-0.4786080020871262,0.2860510627924756
244.616,1.9370632574656599,1.5074252456313533,-0.011091216343770909,-0.39792143375138955,0.1707861853393483,1.9983849064286583,0.04374746520633043,0.00552940141534883,0.0033064183666151772,0.18104595590660216,2.483532004464639,0.10358257477572895,0.006257651283846214,-0.49699339094175493,0.2896597254097677
244.713,1.9370632574656599,1.5074252456313533,-0.011091216343770909,-0.39792143375138955,0.1707861853393483,1.9987093249384131,0.044436953883859605,0.005171155814564183,0.003868970371407156,0.18182934963356784,2.4846671862163987,0.053502608438214076,0.006969528092041364,-0.4975252929148497,0.2910000198077505
244.812,1.9370632574656599,1.5074252456313533,-0.011091216343770909,-0.39792143375138955,0.1707861853393483,1.9985420420636169,0.04627303397463811,0.004114818010915407,0.006105718321346081,0.18296529952384646,2.484328855367044,0.003798014096989234,0.0055112893620080814,-0.49745777460678636,0.29161204825956255
244.912,1.9370632574656599,1.5074252456313533,-0.011091216343770909,-0.39792143375138955,0.1707861853393483,1.9992355252164065,0.046421366809028634,0.004546971305961248,0.0053973596387684635,0.1835726392189955,2.4838862487638953,-0.0455217661196242,0.004135310603115188,-0.49686791630347527,0.2921171892385822
245.012,1.9370632574656599,1.5074252456313533,-0.011091216343770909,-0.39792143375138955,0.1707861853393483,2.0004865839187564,0.0473806585174921,0.005764555546817129,0.006038832659175749,0.1837259767182802,2.483282227395052,-0.09296927092964649,0.0027055419130813424,-0.49372148169040486,0.29274808218740483
245.114,1.9370632574656599,1.5074252456313533,-0.011091216343770909,-0.39792143375138955,0.1707861853393483,2.002072635248687,0.04584410781613686,0.007308418316046396,0.002765704548817839,0.183089589369291,2.482990255186932,-0.14130857009775782,0.00191515083949859,-0.49227025267871183,0.2928221668931716
245.212,1.9370632574656599,1.5074252456313533,-0.011091216343770909,-0.39792143375138955,0.1707861853393483,2.0033242395930335,0.044767915612709215,0.008105693029761194,0.0006946578917712885,0.18251640266036406,2.4822233116685797,-0.19267319164749902,0.0005959494887611799,-0.49521239321102195,0.2926756840351347
245.312,1.9370632574656599,1.5074252456313533,-0.011091216343770909,-0.39792143375138955,0.1707861853393483,2.004699187716402,0.043035311258528844,0.008970925189095825,-0.002068041531156259,0.18175561169658982,2.4792045065405324,-0.2434001791282461,-0.003521104749973947,-0.4968249615736352,0.29180533856711033
245.412,1.9370632574656599,1.5074252456313533,-0.011091216343770909,-0.39792143375138955,0.1707861853393483,2.008023963338265,0.04209950362274026,0.012697171954020448,-0.003186987766611967,0.17963979406694655,2.4777901596253833,-0.2925676827396067,-0.004921620146722651,-0.49614596491844143,0.292292187512673
245.513,1.9370632574656599,1.5074252456313533,-0.011091216343770909,-0.39792143375138955,0.1707861853393483,2.0122255986331523,0.03820404634360761,0.01720138255177182,-0.008681845742098626,0.17632097624207835,2.478137619273143,-0.3389808546614346,-0.003837570037607851,-0.49201255006061473,0.29227350950043784
245.612,1.9370632574656599,1.5074252456313533,-0.011091216343770909,-0.39792143375138955,0.1707861853393483,2.015576247379282,0.03898390331476407,0.019707771285702634,-0.006148508615305392,0.17464959299634336,2.478137619273143,-0.3389808546614346,-0.003837570037607851,-0.49201255006061473,0.29227350950043784
245.712,1.9370632574656599,1.5074252456313533,-0.011091216343770909,-0.39792143375138955,0.1707861853393483,2.018582070170919,0.03741267841919595,0.021299384539940104,-0.007619146716500744,0.1725995934510532,2.47594599048792,-0.40234208378063485,-0.006087544362035068,-0.5096352479287952,0.29247016342884835
245.812,1.9370632574656599,1.5074252456313533,-0.011091216343770909,-0.39792143375138955,0.1707861853393483,2.020503534592243,0.03577665620995525,0.020978751445165512,-0.008963524245700882,0.1706187921645142,2.4752272565655336,-0.4607547696072048,-0.006223597583888921,-0.5188504424520156,0.2923452763318291
245.912,1.9370632574656599,1.5074252456313533,-0.011091216343770909,-0.39792143375138955,0.1707861853393483,2.0221802971719653,0.03527220951607104,0.02033103513626265,-0.008360731181471752,0.169688239642452,2.4810354182146113,-0.5107806838628579,0.001652330614800434,-0.5165734304677757,0.2894263632858602
246.012,1.9370632574656599,1.5074252456313533,-0.011091216343770909,-0.39792143375138955,0.1707861853393483,2.0229055385519588,0.03364307420752291,0.018319390267312573,-0.00958055355039947,0.16806691474630786,2.4810354182146113,-0.5107806838628579,0.001652330614800434,-0.5165734304677757,0.2894263632858602
246.113,1.9370632574656599,1.5074252456313533,-0.011091216343770909,-0.39792143375138955,0.1707861853393483,2.0234026174580557,0.03501785914308897,0.016266269895238657,-0.005992460797158386,0.16860876131248045,2.4810354182146113,-0.5107806838628579,0.001652330614800434,-0.5165734304677757,0.2894263632858602
246.213,1.9370632574656599,1.5074252456313533,-0.011091216343770909,-0.39792143375138955,0.1707861853393483,2.0233575260048102,0.03375702363769519,0.01369512557719026,-0.007010001699497431,0.16775475681717106,2.4810354182146113,-0.5107806838628579,0.001652330614800434,-0.5165734304677757,0.2894263632858602
246.312,1.9370632574656599,1.5074252456313533,-0.011091216343770909,-0.39792143375138955,0.1707861853393483,2.021734569107542,0.033754649558564526,0.009092793961467288,-0.005935534944293944,0.16725987105561677,2.4810354182146113,-0.5107806838628579,0.001652330614800434,-0.5165734304677757,0.2894263632858602
246.412,1.9370632574656599,1.5074252456313533,-0.011091216343770909,-0.39792143375138955,0.1707861853393483,2.0195398926474004,0.03638605579494515,0.004319139350701168,-0.0009757853211385752,0.16883180569887196,2.4810354182146113,-0.5107806838628579,0.001652330614800434,-0.5165734304677757,0.2894263632858602
246.514,1.9370632574656599,1.5074252456313533,-0.011091216343770909,-0.39792143375138955,0.1707861853393483,2.018005102170595,0.0380582109044597,0.0012945606624042017,0.0017458736247154695,0.16980728889370988,2.4810354182146113,-0.5107806838628579,0.001652330614800434,-0.5165734304677757,0.2894263632858602
246.612,1.9370632574656599,1.5074252456313533,-0.011091216343770909,-0.39792143375138955,0.1707861853393483,2.0148891997187697,0.04123067642561387,-0.0036963718752593203,0.00635621407333719,0.1725432132728903,2.4810354182146113,-0.5107806838628579,0.001652330614800434,-0.5165734304677757,0.2894263632858602
246.712,1.9370632574656599,1.5074252456313533,-0.011091216343770909,-0.39792143375138955,0.1707861853393483,2.011788507448817,0.044904275583533174,-0.007896330900340854,0.011028174794184276,0.17493443210573634,2.4810354182146113,-0.5107806838628579,0.001652330614800434,-0.5165734304677757,0.2894263632858602
246.813,1.9370632574656599,1.5074252456313533,-0.011091216343770909,-0.39792143375138955,0.1707861853393483,2.0099186765106825,0.04592991548583675,-0.009557505258934368,0.010909487821805093,0.17667431934807093,2.4810354182146113,-0.5107806838628579,0.001652330614800434,-0.5165734304677757,0.2894263632858602
246.913,1.9370632574656599,1.5074252456313533,-0.011091216343770909,-0.39792143375138955,0.1707861853393483,2.007948976588864,0.045920313986030935,-0.011116794571259863,0.009217020427205121,0.1777965002086242,2.4810354182146113,-0.5107806838628579,0.001652330614800434,-0.5165734304677757,0.2894263632858602
247.012,1.9370632574656599,1.5074252456313533,-0.011091216343770909,-0.39792143375138955,0.1707861853393483,2.006327794237111,0.049793650554210284,-0.011900325864564104,0.013756146782491532,0.18005040262210237,2.4810354182146113,-0.5107806838628579,0.001652330614800434,-0.5165734304677757,0.2894263632858602
247.114,1.9370632574656599,1.5074252456313533,-0.011091216343770909,-0.39792143375138955,0.1707861853393483,2.005762812393007,0.04763983747737326,-0.01093910169833155,0.008328473441296084,0.18020824048191275,2.4810354182146113,-0.5107806838628579,0.001652330614800434,-0.5165734304677757,0.2894263632858602
247.212,1.9370632574656599,1.5074252456313533,-0.011091216343770909,-0.39792143375138955,0.1707861853393483,2.0070857521315872,0.04542998209423203,-0.007222388606512271,0.0036493028309931745,0.18017409847022756,2.4810354182146113,-0.5107806838628579,0.001652330614800434,-0.5165734304677757,0.2894263632858602
247.312,1.9370632574656599,1.5074252456313533,-0.011091216343770909,-0.39792143375138955,0.1707861853393483,2.006356033301227,0.04646349049884393,-0.007233891557092878,0.004677464894491045,0.18078162189113875,2.4810354182146113,-0.5107806838628579,0.001652330614800434,-0.5165734304677757,0.2894263632858602
247.412,1.9370632574656599,1.5074252456313533,-0.011091216343770909,-0.39792143375138955,0.1707861853393483,2.005054746162554,0.04603011860305809,-0.008122602821658127,0.0032916942511025944,0.18080817079883962,2.4810354182146113,-0.5107806838628579,0.001652330614800434,-0.5165734304677757,0.2894263632858602
247.513,1.9370632574656599,1.5074252456313533,-0.011091216343770909,-0.39792143375138955,0.1707861853393483,2.005953222856864,0.04440168688089571,-0.005491772510022223,0.00028122770530590845,0.1806777440852736,2.4810354182146113,-0.5107806838628579,0.001652330614800434,-0.5165734304677757,0.2894263632858602
247.612,1.9370632574656599,1.5074252456313533,-0.011091216343770909,-0.39792143375138955,0.1707861853393483,2.005817532250834,0.04604361300112495,-0.004855898386893256,0.002762990544249237,0.18131678019146924,2.4810354182146113,-0.5107806838628579,0.001652330614800434,-0.5165734304677757,0.2894263632858602
247.712,1.9370632574656599,1.5074252456313533,-0.011091216343770909,-0.39792143375138955,0.1707861853393483,2.0049185963772524,0.046086436392025996,-0.005491556346952251,0.0024039435195505124,0.1816044253012471,2.4810354182146113,-0.5107806838628579,0.001652330614800434,-0.5165734304677757,0.2894263632858602,2.4992056672900964,-0.9369831976589372,1.5129265816606765e-06,-0.0019933080583233406,0.228479057387594
247.812,1.9370632574656599,1.5074252456313533,-0.011091216343770909,-0.39792143375138955,0.1707861853393483,2.003229608376772,0.05151417722254686,-0.007244430468730567,0.010381226562145171,0.18459596320766858,2.4810354182146113,-0.5107806838628579,0.001652330614800434,-0.5165734304677757,0.2894263632858602,2.4967658865100377,-0.9404323852171006,-0.0007225854747753239,-0.0029577677272278483,0.23425792850965124
247.912,1.9370632574656599,1.5074252456313533,-0.011091216343770909,-0.39792143375138955,0.1707861853393483,2.0039021551676277,0.0481079342762717,-0.005096090498378799,0.00354652525736722,0.18346054510393614,2.4810354182146113,-0.5107806838628579,0.001652330614800434,-0.5165734304677757,0.2894263632858602,2.494387267073991,-0.9622270368934792,-0.002234328618036297,-0.017049567880668293,0.22933382105699268
248.012,1.9370632574656599,1.5074252456313533,-0.011091216343770909,-0.39792143375138955,0.1707861853393483,2.004262507188613,0.04741578472313392,-0.0037582338270065315,0.0019367162764853184,0.18336527219268134,2.4810354182146113,-0.5107806838628579,0.001652330614800434,-0.5165734304677757,0.2894263632858602,2.492213725206798,-0.9761683946488353,-0.004559778321535872,-0.03164112913321773,0.22486109772455734
248.112,1.9370632574656599,1.5074252456313533,-0.011091216343770909,-0.39792143375138955,0.1707861853393483,2.0050869925747734,0.045746447461423936,-0.0019123568612424533,-0.0009282842009695592,0.18311074576020783,2.4810354182146113,-0.5107806838628579,0.001652330614800434,-0.5165734304677757,0.2894263632858602,2.492213725206798,-0.9761683946488353,-0.004559778321535872,-0.03164112913321773,0.22486109772455734
248.212,1.9370632574656599,1.5074252456313533,-0.011091216343770909,-0.39792143375138955,0.1707861853393483,2.0052739685931207,0.04500021510513699,-0.0013307296249149407,-0.0019331117119073548,0.18326111683374563,2.4810354182146113,-0.5107806838628579,0.001652330614800434,-0.5165734304677757,0.2894263632858602,2.492213725206798,-0.9761683946488353,-0.004559778321535872,-0.03164112913321773,0.22486109772455734
248.312,1.9370632574656599,1.5074252456313533,-0.011091216343770909,-0.39792143375138955,0.1707861853393483,2.0069646519958413,0.04327266839546635,0.0014739069226573837,-0.004292512970695638,0.18261401358263868,2.4810354182146113,-0.5107806838628579,0.001652330614800434,-0.5165734304677757,0.2894263632858602,2.492213725206798,-0.9761683946488353,-0.004559778321535872,-0.03164112913321773,0.22486109772455734
248.412,1.9370632574656599,1.5074252456313533,-0.011091216343770909,-0.39792143375138955,0.1707861853393483,2.0066535150862856,0.0421617892244847,0.0007687670874078429,-0.00534074423268025,0.18185546300776234,2.4810354182146113,-0.5107806838628579,0.001652330614800434,-0.5165734304677757,0.2894263632858602,2.492213725206798,-0.9761683946488353,-0.004559778321535872,-0.03164112913321773,0.22486109772455734
248.513,1.9370632574656599,1.5074252456313533,-0.011091216343770909,-0.39792143375138955,0.1707861853393483,2.005855508623571,0.04804553389479394,-0.0005766589454562891,0.00452880311310843,0.18458576660437634,2.4810354182146113,-0.5107806838628579,0.001652330614800434,-0.5165734304677757,0.2894263632858602,2.4487987424390565,-1.0786484642207126,-0.0586313129627693,-0.1566478931153499,0.20897607470138624
248.612,1.9370632574656599,1.5074252456313533,-0.011091216343770909,-0.39792143375138955,0.1707861853393483,2.0049108190249934,0.04652279171451096,-0.0019407551097804583,0.0014906215507832577,0.18409237927878522,2.4810354182146113,-0.5107806838628579,0.001652330614800434,-0.5165734304677757,0.2894263632858602,2.4487987424390565,-1.0786484642207126,-0.0586313129627693,-0.1566478931153499,0.20897607470138624
248.712,1.9370632574656599,1.5074252456313533,-0.011091216343770909,-0.39792143375138955,0.1707861853393483,2.004997248515432,0.044295991474346416,-0.001509384681166987,-0.0021630629631681835,0.18318908990771837,2.4810354182146113,-0.5107806838628579,0.001652330614800434,-0.5165734304677757,0.2894263632858602,2.4487987424390565,-1.0786484642207126,-0.0586313129627693,-0.1566478931153499,0.20897607470138624
248.812,1.9370632574656599,1.5074252456313533,-0.011091216343770909,-0.39792143375138955,0.1707861853393483,2.004978748138913,0.044333284950173496,-0.0013057167396438236,-0.0017730683404704665,0.18289630763184228,2.4810354182146113,-0.5107806838628579,0.001652330614800434,-0.5165734304677757,0.2894263632858602,2.4487987424390565,-1.0786484642207126,-0.0586313129627693,-0.1566478931153499,0.20897607470138624
248.913,1.9370632574656599,1.5074252456313533,-0.011091216343770909,-0.39792143375138955,0.1707861853393483,2.0056972618666795,0.043426740108612645,3.656478945492092e-08,-0.0028945161195606294,0.18252105750239878,2.4810354182146113,-0.5107806838628579,0.001652330614800434,-0.5165734304677757,0.2894263632858602,2.4487987424390565,-1.0786484642207126,-0.0586313129627693,-0.1566478931153499,0.20897607470138624
249.012,1.9370632574656599,1.5074252456313533,-0.011091216343770909,-0.39792143375138955,0.1707861853393483,2.0041198446246646,0.04349979785371024,-0.0024257766043298363,-0.002337036519087813,0.18332756410758033,2.4810354182146113,-0.5107806838628579,0.001652330614800434,-0.5165734304677757,0.2894263632858602,2.4487987424390565,-1.0786484642207126,-0.0586313129627693,-0.1566478931153499,0.20897607470138624
249.113,1.9370632574656599,1.5074252456313533,-0.011091216343770909,-0.39792143375138955,0.1707861853393483,2.002077693802387,0.04209773916015387,-0.0051932233126527,-0.004133773869207563,0.18315669301893037,2.4810354182146113,-0.5107806838628579,0.001652330614800434,-0.5165734304677757,0.2894263632858602,2.4487987424390565,-1.0786484642207126,-0.0586313129627693,-0.1566478931153499,0.20897607470138624
249.212,1.9370632574656599,1.5074252456313533,-0.011091216343770909,-0.39792143375138955,0.1707861853393483,2.0012236866894613,0.04286154549532301,-0.005707913305156051,-0.002323459465033547,0.18338911929187657,2.4810354182146113,-0.5107806838628579,0.001652330614800434,-0.5165734304677757,0.2894263632858602,2.4487987424390565,-1.0786484642207126,-0.0586313129627693,-0.1566478931153499,0.20897607470138624
249.312,1.9370632574656599,1.5074252456313533,-0.011091216343770909,-0.39792143375138955,0.1707861853393483,2.0011135942844067,0.04311180142956777,-0.0049994343438364225,-0.001581297371077794,0.1836570314142129,2.4810354182146113,-0.5107806838628579,0.001652330614800434,-0.5165734304677757,0.2894263632858602,2.4487987424390565,-1.0786484642207126,-0.0586313129627693,-0.1566478931153499,0.20897607470138624
249.412,1.9370632574656599,1.5074252456313533,-0.011091216343770909,-0.39792143375138955,0.1707861853393483,2.0022038089262013,0.042432385787864964,-0.002554033497663654,-0.0023829491133111483,0.18365906637899265,2.4810354182146113,-0.5107806838628579,0.001652330614800434,-0.5165734304677757,0.2894263632858602,2.4487987424390565,-1.0786484642207126,-0.0586313129627693,-0.1566478931153499,0.20897607470138624
249.515,1.9370632574656599,1.5074252456313533,-0.011091216343770909,-0.39792143375138955,0.1707861853393483,2.002854162392787,0.042174164934514334,-0.0011611289063648775,-0.0024135919256244222,0.1841934944705086,2.4810354182146113,-0.5107806838628579,0.001652330614800434,-0.5165734304677757,0.2894263632858602,2.4487987424390565,-1.0786484642207126,-0.0586313129627693,-0.1566478931153499,0.20897607470138624
249.612,1.9370632574656599,1.5074252456313533,-0.011091216343770909,-0.39792143375138955,0.1707861853393483,2.0026027555028536,0.05448390309717657,-0.001369188762387534,0.016887925674793528,0.18962167491529627,2.4810354182146113,-0.5107806838628579,0.001652330614800434,-0.5165734304677757,0.2894263632858602,2.4487987424390565,-1.0786484642207126,-0.0586313129627693,-0.1566478931153499,0.20897607470138624
249.713,1.9370632574656599,1.5074252456313533,-0.011091216343770909,-0.39792143375138955,0.1707861853393483,2.000872138805896,0.06704187564573434,-0.0038200331520560618,0.03360293176352856,0.19600707544740212,2.4810354182146113,-0.5107806838628579,0.001652330614800434,-0.5165734304677757,0.2894263632858602,2.4487987424390565,-1.0786484642207126,-0.0586313129627693,-0.1566478931153499,0.20897607470138624
249.813,1.9370632574656599,1.5074252456313533,-0.011091216343770909,-0.39792143375138955,0.1707861853393483,1.9975457164895223,0.09045022862429829,-0.008348063934417388,0.06443354108748169,0.20695946625776634,2.4810354182146113,-0.5107806838628579,0.001652330614800434,-0.5165734304677757,0.2894263632858602,2.4487987424390565,-1.0786484642207126,-0.0586313129627693,-0.1566478931153499,0.20897607470138624
249.912,1.9370632574656599,1.5074252456313533,-0.011091216343770909,-0.39792143375138955,0.1707861853393483,1.9876820563655686,0.11715397912003683,-0.022232951786842026,0.09559068905725909,0.2222362310560298,2.4810354182146113,-0.5107806838628579,0.001652330614800434,-0.5165734304677757,0.2894263632858602,2.4487987424390565,-1.0786484642207126,-0.0586313129627693,-0.1566478931153499,0.20897607470138624
250.012,1.9370632574656599,1.5074252456313533,-0.011091216343770909,-0.39792143375138955,0.1707861853393483,1.9893452766843782,0.12038468061401925,-0.016256131978864583,0.08585870375498561,0.2252237237593138,2.4810354182146113,-0.5107806838628579,0.001652330614800434,-0.5165734304677757,0.2894263632858602,2.4487987424390565,-1.0786484642207126,-0.0586313129627693,-0.1566478931153499,0.20897607470138624
250.112,1.9370632574656599,1.5074252456313533,-0.011091216343770909,-0.39792143375138955,0.1707861853393483,1.9836989426500302,0.13989145112485452,-0.02243933746287853,0.10265324691123541,0.23621898191287855,2.4810354182146113,-0.5107806838628579,0.001652330614800434,-0.5165734304677757,0.2894263632858602,2.4487987424390565,-1.0786484642207126,-0.0586313129627693,-0.1566478931153499,0.20897607470138624
250.212,1.9370632574656599,1.5074252456313533,-0.011091216343770909,-0.39792143375138955,0.1707861853393483,1.9787396212196084,0.1544743486996987,-0.02661515585532461,0.10929296188229218,0.24532821801839624,2.4810354182146113,-0.5107806838628579,0.001652330614800434,-0.5165734304677757,0.2894263632858602,2.4487987424390565,-1.0786484642207126,-0.0586313129627693,-0.1566478931153499,0.20897607470138624
250.312,1.9370632574656599,1.5074252456313533,-0.011091216343770909,-0.39792143375138955,0.1707861853393483,1.9723109566324077,0.16782681527175036,-0.032408409680613884,0.11301939826407328,0.25571509064806375,2.4810354182146113,-0.5107806838628579,0.001652330614800434,-0.5165734304677757,0.2894263632858602,2.4487987424390565,-1.0786484642207126,-0.0586313129627693,-0.1566478931153499,0.20897607470138624,2.398908971315213,-2.124435004856525,0.0028113252994095236,-0.0021954040635591672,0.1334239088707704
250.413,1.9370632574656599,1.5074252456313533,-0.011091216343770909,-0.39792143375138955,0.1707861853393483,1.955249973825435,0.20591857789567594,-0.053661508387037954,0.15421772711480775,0.27959461957344617,2.4810354182146113,-0.5107806838628579,0.001652330614800434,-0.5165734304677757,0.2894263632858602,2.4487987424390565,-1.0786484642207126,-0.0586313129627693,-0.1566478931153499,0.20897607470138624,2.398908971315213,-2.124435004856525,0.0028113252994095236,-0.0021954040635591672,0.1334239088707704
250.512,1.9370632574656599,1.5074252456313533,-0.011091216343770909,-0.39792143375138955,0.1707861853393483,1.9480443124474762,0.21944470329725596,-0.0564903721945125,0.15130253421306644,0.29192273469353913,2.4810354182146113,-0.5107806838628579,0.001652330614800434,-0.5165734304677757,0.2894263632858602,2.4487987424390565,-1.0786484642207126,-0.0586313129627693,-0.1566478931153499,0.20897607470138624,2.4192420066172513,-2.143758621549294,0.015498525398368558,-0.01428289727087562,0.13406387618233986
250.612,1.9370632574656599,1.5074252456313533,-0.011091216343770909,-0.39792143375138955,0.1707861853393483,1.934797438955274,0.24820000733049571,-0.06817459122366157,0.1722556147899697,0.3116332026005393,2.4810354182146113,-0.5107806838628579,0.001652330614800434,-0.5165734304677757,0.2894263632858602,2.4487987424390565,-1.0786484642207126,-0.0586313129627693,-0.1566478931153499,0.20897607470138624,2.4192420066172513,-2.143758621549294,0.015498525398368558,-0.01428289727087562,0.13406387618233986
250.712,1.9370632574656599,1.5074252456313533,-0.011091216343770909,-0.39792143375138955,0.1707861853393483,1.9235063614095353,0.2703916471265753,-0.07505427849712257,0.17989262415548635,0.32987023604536586,2.4810354182146113,-0.5107806838628579,0.001652330614800434,-0.5165734304677757,0.2894263632858602,2.4487987424390565,-1.0786484642207126,-0.0586313129627693,-0.1566478931153499,0.20897607470138624,2.4192420066172513,-2.143758621549294,0.015498525398368558,-0.01428289727087562,0.13406387618233986
250.812,1.9370632574656599,1.5074252456313533,-0.011091216343770909,-0.39792143375138955,0.1707861853393483,1.911811818942434,0.2944645476032731,-0.08149644584195814,0.18924825608129908,0.34876432367895577,2.4810354182146113,-0.5107806838628579,0.001652330614800434,-0.5165734304677757,0.2894263632858602,2.4487987424390565,-1.0786484642207126,-0.0586313129627693,-0.1566478931153499,0.20897607470138624,2.4192420066172513,-2.143758621549294,0.015498525398368558,-0.01428289727087562,0.13406387618233986
250.912,1.9370632574656599,1.5074252456313533,-0.011091216343770909,-0.39792143375138955,0.1707861853393483,1.8921401110042135,0.3293050989743078,-0.09921547887492443,0.21372401722507306,0.376671075772136,2.4810354182146113,-0.5107806838628579,0.001652330614800434,-0.5165734304677757,0.2894263632858602,2.4487987424390565,-1.0786484642207126,-0.0586313129627693,-0.1566478931153499,0.20897607470138624,2.4192420066172513,-2.143758621549294,0.015498525398368558,-0.01428289727087562,0.13406387618233986
251.012,1.9370632574656599,1.5074252456313533,-0.011091216343770909,-0.39792143375138955,0.1707861853393483,1.8708057545858416,0.3644098804923274,-0.1167664960099661,0.2348421523838131,0.4018047778003078,2.4810354182146113,-0.5107806838628579,0.001652330614800434,-0.5165734304677757,0.2894263632858602,2.4487987424390565,-1.0786484642207126,-0.0586313129627693,-0.1566478931153499,0.20897607470138624,2.4192420066172513,-2.143758621549294,0.015498525398368558,-0.01428289727087562,0.13406387618233986
251.112,1.9370632574656599,1.5074252456313533,-0.011091216343770909,-0.39792143375138955,0.1707861853393483,1.863139125044339,0.37323391518621807,-0.11066130695710023,0.21252227057639858,0.4184414243570304,2.4810354182146113,-0.5107806838628579,0.001652330614800434,-0.5165734304677757,0.2894263632858602,2.4487987424390565,-1.0786484642207126,-0.0586313129627693,-0.1566478931153499,0.20897607470138624,2.4192420066172513,-2.143758621549294,0.015498525398368558,-0.01428289727087562,0.13406387618233986
251.212,1.9370632574656599,1.5074252456313533,-0.011091216343770909,-0.39792143375138955,0.1707861853393483,1.8501605030798893,0.3957800246787458,-0.11356676428745036,0.21448793717394274,0.4373001262794291,2.4810354182146113,-0.5107806838628579,0.001652330614800434,-0.5165734304677757,0.2894263632858602,2.4487987424390565,-1.0786484642207126,-0.0586313129627693,-0.1566478931153499,0.20897607470138624,2.4192420066172513,-2.143758621549294,0.015498525398368558,-0.01428289727087562,0.13406387618233986
251.312,1.9370632574656599,1.5074252456313533,-0.011091216343770909,-0.39792143375138955,0.1707861853393483,1.841768066743446,0.40868711903202304,-0.10910291668336237,0.20162499657059033,0.452423514701743,2.4810354182146113,-0.5107806838628579,0.001652330614800434,-0.5165734304677757,0.2894263632858602,2.4487987424390565,-1.0786484642207126,-0.0586313129627693,-0.1566478931153499,0.20897607470138624,2.4192420066172513,-2.143758621549294,0.015498525398368558,-0.01428289727087562,0.13406387618233986
251.412,1.9370632574656599,1.5074252456313533,-0.011091216343770909,-0.39792143375138955,0.1707861853393483,1.838385861901769,0.41177559803451885,-0.09788036125774091,0.176171764222702,0.4679563039464348,2.4810354182146113,-0.5107806838628579,0.001652330614800434,-0.5165734304677757,0.2894263632858602,2.4487987424390565,-1.0786484642207126,-0.0586313129627693,-0.1566478931153499,0.20897607470138624,2.4192420066172513,-2.143758621549294,0.015498525398368558,-0.01428289727087562,0.13406387618233986
251.512,1.9370632574656599,1.5074252456313533,-0.011091216343770909,-0.39792143375138955,0.1707861853393483,1.8271194221798754,0.4284454473160226,-0.10008869917009415,0.17475671190150444,0.48611062725548393,2.4810354182146113,-0.5107806838628579,0.001652330614800434,-0.5165734304677757,0.2894263632858602,2.4487987424390565,-1.0786484642207126,-0.0586313129627693,-0.1566478931153499,0.20897607470138624,2.4192420066172513,-2.143758621549294,0.015498525398368558,-0.01428289727087562,0.13406387618233986
251.612,1.9370632574656599,1.5074252456313533,-0.011091216343770909,-0.39792143375138955,0.1707861853393483,1.8271194221798754,0.4284454473160226,-0.10008869917009415,0.17475671190150444,0.48611062725548393,2.4810354182146113,-0.5107806838628579,0.001652330614800434,-0.5165734304677757,0.2894263632858602,2.4487987424390565,-1.0786484642207126,-0.0586313129627693,-0.1566478931153499,0.20897607470138624,2.4192420066172513,-2.143758621549294,0.015498525398368558,-0.01428289727087562,0.13406387618233986
251.712,1.9370632574656599,1.5074252456313533,-0.011091216343770909,-0.39792143375138955,0.1707861853393483,1.8271194221798754,0.4284454473160226,-0.10008869917009415,0.17475671190150444,0.48611062725548393,2.4810354182146113,-0.5107806838628579,0.001652330614800434,-0.5165734304677757,0.2894263632858602,2.4487987424390565,-1.0786484642207126,-0.0586313129627693,-0.1566478931153499,0.20897607470138624,2.4192420066172513,-2.143758621549294,0.015498525398368558,-0.01428289727087562,0.13406387618233986
251.812,1.9370632574656599,1.5074252456313533,-0.011091216343770909,-0.39792143375138955,0.1707861853393483,1.8211555745007402,0.4379803298232069,-0.09463071763946614,0.16404214090002936,0.49949051041498793,2.4810354182146113,-0.5107806838628579,0.001652330614800434,-0.5165734304677757,0.2894263632858602,2.4487987424390565,-1.0786484642207126,-0.0586313129627693,-0.1566478931153499,0.20897607470138624,2.4192420066172513,-2.143758621549294,0.015498525398368558,-0.01428289727087562,0.13406387618233986
251.913,1.9370632574656599,1.5074252456313533,-0.011091216343770909,-0.39792143375138955,0.1707861853393483,1.8140369038668491,0.4501350426011067,-0.0915652224293897,0.15848557220943288,0.505631134354836,2.4810354182146113,-0.5107806838628579,0.001652330614800434,-0.5165734304677757,0.2894263632858602,2.4487987424390565,-1.0786484642207126,-0.0586313129627693,-0.1566478931153499,0.20897607470138624,2.4192420066172513,-2.143758621549294,0.015498525398368558,-0.01428289727087562,0.13406387618233986
252.013,1.9370632574656599,1.5074252456313533,-0.011091216343770909,-0.39792143375138955,0.1707861853393483,1.8140369038668491,0.4501350426011067,-0.0915652224293897,0.15848557220943288,0.505631134354836,2.4810354182146113,-0.5107806838628579,0.001652330614800434,-0.5165734304677757,0.2894263632858602,2.4487987424390565,-1.0786484642207126,-0.0586313129627693,-0.1566478931153499,0.20897607470138624,2.4192420066172513,-2.143758621549294,0.015498525398368558,-0.01428289727087562,0.13406387618233986
252.12,1.9370632574656599,1.5074252456313533,-0.011091216343770909,-0.39792143375138955,0.1707861853393483,1.8177189484812137,0.45791393940761893,-0.07596637193665723,0.1486809399844411,0.5075250384236044,2.4810354182146113,-0.5107806838628579,0.001652330614800434,-0.5165734304677757,0.2894263632858602,2.4487987424390565,-1.0786484642207126,-0.0586313129627693,-0.1566478931153499,0.20897607470138624,2.4192420066172513,-2.143758621549294,0.015498525398368558,-0.01428289727087562,0.13406387618233986
252.212,1.9370632574656599,1.5074252456313533,-0.011091216343770909,-0.39792143375138955,0.1707861853393483,1.8205144549494958,0.4702442698199447,-0.06372063447106602,0.1456905284162163,0.509629965424504,2.4810354182146113,-0.5107806838628579,0.001652330614800434,-0.5165734304677757,0.2894263632858602,2.4487987424390565,-1.0786484642207126,-0.0586313129627693,-0.1566478931153499,0.20897607470138624,2.4192420066172513,-2.143758621549294,0.015498525398368558,-0.01428289727087562,0.13406387618233986
252.313,1.9370632574656599,1.5074252456313533,-0.011091216343770909,-0.39792143375138955,0.1707861853393483,1.8205144549494958,0.4702442698199447,-0.06372063447106602,0.1456905284162163,0.509629965424504,2.4810354182146113,-0.5107806838628579,0.001652330614800434,-0.5165734304677757,0.2894263632858602,2.4487987424390565,-1.0786484642207126,-0.0586313129627693,-0.1566478931153499,0.20897607470138624,2.4192420066172513,-2.143758621549294,0.015498525398368558,-0.01428289727087562,0.13406387618233986
252.412,1.9370632574656599,1.5074252456313533,-0.011091216343770909,-0.39792143375138955,0.1707861853393483,1.8185277805079425,0.4972205231196381,-0.05882383359671057,0.15954462208372344,0.515373970476504,2.4810354182146113,-0.5107806838628579,0.001652330614800434,-0.5165734304677757,0.2894263632858602,2.4487987424390565,-1.0786484642207126,-0.0586313129627693,-0.1566478931153499,0.20897607470138624,2.4192420066172513,-2.143758621549294,0.015498525398368558,-0.01428289727087562,0.13406387618233986
252.512,1.9370632574656599,1.5074252456313533,-0.011091216343770909,-0.39792143375138955,0.1707861853393483,1.8185277805079425,0.4972205231196381,-0.05882383359671057,0.15954462208372344,0.515373970476504,2.4810354182146113,-0.5107806838628579,0.001652330614800434,-0.5165734304677757,0.2894263632858602,2.4487987424390565,-1.0786484642207126,-0.0586313129627693,-0.1566478931153499,0.20897607470138624,2.4192420066172513,-2.143758621549294,0.015498525398368558,-0.01428289727087562,0.13406387618233986
252.612,2.042891957998867,1.3108119791605435,-0.0002746428820617902,-0.413783615755188,0.16179800919561577,1.813421617017015,0.5413505938657195,-0.0579974216178695,0.18954212838871848,0.5238534198139386,2.4810354182146113,-0.5107806838628579,0.001652330614800434,-0.5165734304677757,0.2894263632858602,2.4487987424390565,-1.0786484642207126,-0.0586313129627693,-0.1566478931153499,0.20897607470138624,2.4192420066172513,-2.143758621549294,0.015498525398368558,-0.01428289727087562,0.13406387618233986
252.715,2.037438173461139,1.341895396523825,-0.002710632449598384,-0.3812539954188962,0.15946931167997733,1.8123888854439716,0.5859074102078471,-0.052974218968130544,0.21652068515161893,0.5367474502437428,2.4810354182146113,-0.5107806838628579,0.001652330614800434,-0.5165734304677757,0.2894263632858602,2.4487987424390565,-1.0786484642207126,-0.0586313129627693,-0.1566478931153499,0.20897607470138624,2.4192420066172513,-2.143758621549294,0.015498525398368558,-0.01428289727087562,0.13406387618233986
252.813,2.037438173461139,1.341895396523825,-0.002710632449598384,-0.3812539954188962,0.15946931167997733,1.8123888854439716,0.5859074102078471,-0.052974218968130544,0.21652068515161893,0.5367474502437428,2.4810354182146113,-0.5107806838628579,0.001652330614800434,-0.5165734304677757,0.2894263632858602,2.4487987424390565,-1.0786484642207126,-0.0586313129627693,-0.1566478931153499,0.20897607470138624,2.4192420066172513,-2.143758621549294,0.015498525398368558,-0.01428289727087562,0.13406387618233986
252.913,2.037438173461139,1.341895396523825,-0.002710632449598384,-0.3812539954188962,0.15946931167997733,1.8123888854439716,0.5859074102078471,-0.052974218968130544,0.21652068515161893,0.5367474502437428,2.4810354182146113,-0.5107806838628579,0.001652330614800434,-0.5165734304677757,0.2894263632858602,2.4487987424390565,-1.0786484642207126,-0.0586313129627693,-0.1566478931153499,0.20897607470138624,2.4192420066172513,-2.143758621549294,0.015498525398368558,-0.01428289727087562,0.13406387618233986
253.015,2.0252832023034664,1.3640155651582435,-0.021987867360046296,-0.2835278956730647,0.1689035755670171,1.8116468200357863,0.6368639589444115,-0.04813764940006776,0.2476342012069619,0.5409101997989999,2.4810354182146113,-0.5107806838628579,0.001652330614800434,-0.5165734304677757,0.2894263632858602,2.4487987424390565,-1.0786484642207126,-0.0586313129627693,-0.1566478931153499,0.20897607470138624,2.4192420066172513,-2.143758621549294,0.015498525398368558,-0.01428289727087562,0.13406387618233986
253.112,2.0252832023034664,1.3640155651582435,-0.021987867360046296,-0.2835278956730647,0.1689035755670171,1.8116468200357863,0.6368639589444115,-0.04813764940006776,0.2476342012069619,0.5409101997989999,2.4810354182146113,-0.5107806838628579,0.001652330614800434,-0.5165734304677757,0.2894263632858602,2.4487987424390565,-1.0786484642207126,-0.0586313129627693,-0.1566478931153499,0.20897607470138624,2.4192420066172513,-2.143758621549294,0.015498525398368558,-0.01428289727087562,0.13406387618233986
253.213,2.0252832023034664,1.3640155651582435,-0.021987867360046296,-0.2835278956730647,0.1689035755670171,1.8181498570386045,0.6835910544272703,-0.03641916474282345,0.27037746330950124,0.5412776913716365,2.4810354182146113,-0.5107806838628579,0.001652330614800434,-0.5165734304677757,0.2894263632858602,2.4487987424390565,-1.0786484642207126,-0.0586313129627693,-0.1566478931153499,0.20897607470138624,2.4192420066172513,-2.143758621549294,0.015498525398368558,-0.01428289727087562,0.13406387618233986
253.312,2.0311412793098613,1.4588501547190424,-0.010633752572463242,-0.10992639418044353,0.1686312913101952,1.8181498570386045,0.6835910544272703,-0.03641916474282345,0.27037746330950124,0.5412776913716365,2.4810354182146113,-0.5107806838628579,0.001652330614800434,-0.5165734304677757,0.2894263632858602,2.4487987424390565,-1.0786484642207126,-0.0586313129627693,-0.1566478931153499,0.20897607470138624,2.4192420066172513,-2.143758621549294,0.015498525398368558,-0.01428289727087562,0.13406387618233986
253.414,2.0282294574747564,1.5233805152597915,-0.01311346031738159,-0.00861160901945765,0.16778042178426264,1.8181498570386045,0.6835910544272703,-0.03641916474282345,0.27037746330950124,0.5412776913716365,2.4810354182146113,-0.5107806838628579,0.001652330614800434,-0.5165734304677757,0.2894263632858602,2.4487987424390565,-1.0786484642207126,-0.0586313129627693,-0.1566478931153499,0.20897607470138624,2.4192420066172513,-2.143758621549294,0.015498525398368558,-0.01428289727087562,0.13406387618233986
253.512,2.0255689839397757,1.5405899076164897,-0.014870370957064097,0.014920894178910751,0.16777498110534378,1.8140723928860987,0.7631745370116344,-0.0368480892860707,0.3221241653330521,0.5486070108878744,2.4810354182146113,-0.5107806838628579,0.001652330614800434,-0.5165734304677757,0.2894263632858602,2.4487987424390565,-1.0786484642207126,-0.0586313129627693,-0.1566478931153499,0.20897607470138624,2.4192420066172513,-2.143758621549294,0.015498525398368558,-0.01428289727087562,0.13406387618233986
253.612,2.0255689839397757,1.5405899076164897,-0.014870370957064097,0.014920894178910751,0.16777498110534378,1.8140723928860987,0.7631745370116344,-0.0368480892860707,0.3221241653330521,0.5486070108878744,2.4810354182146113,-0.5107806838628579,0.001652330614800434,-0.5165734304677757,0.2894263632858602,2.4487987424390565,-1.0786484642207126,-0.0586313129627693,-0.1566478931153499,0.20897607470138624,2.4192420066172513,-2.143758621549294,0.015498525398368558,-0.01428289727087562,0.13406387618233986
253.713,2.0255689839397757,1.5405899076164897,-0.014870370957064097,0.014920894178910751,0.16777498110534378,1.8140723928860987,0.7631745370116344,-0.0368480892860707,0.3221241653330521,0.5486070108878744,2.4810354182146113,-0.5107806838628579,0.001652330614800434,-0.5165734304677757,0.2894263632858602,2.4487987424390565,-1.0786484642207126,-0.0586313129627693,-0.1566478931153499,0.20897607470138624,2.4192420066172513,-2.143758621549294,0.015498525398368558,-0.01428289727087562,0.13406387618233986
253.813,2.0213114430351276,1.6477830760932095,-0.018051954575876016,0.13630561147795187,0.16872090861983088,1.8140723928860987,0.7631745370116344,-0.0368480892860707,0.3221241653330521,0.5486070108878744,2.4810354182146113,-0.5107806838628579,0.001652330614800434,-0.5165734304677757,0.2894263632858602,2.4487987424390565,-1.0786484642207126,-0.0586313129627693,-0.1566478931153499,0.20897607470138624,2.4192420066172513,-2.143758621549294,0.015498525398368558,-0.01428289727087562,0.13406387618233986
253.912,2.024224526033723,1.7514709569240787,-0.01279222356153516,0.2366975832117801,0.16887333466549453,1.8341590091790694,0.8948585415907697,-0.015256773203444828,0.4124730812570647,0.5462671734775274,2.4810354182146113,-0.5107806838628579,0.001652330614800434,-0.5165734304677757,0.2894263632858602,2.4487987424390565,-1.0786484642207126,-0.0586313129627693,-0.1566478931153499,0.20897607470138624,2.4192420066172513,-2.143758621549294,0.015498525398368558,-0.01428289727087562,0.13406387618233986
254.017,2.0247665142849307,1.7973419398889092,-0.010782227153135853,0.26120017594622114,0.16960151440572732,1.8341590091790694,0.8948585415907697,-0.015256773203444828,0.4124730812570647,0.5462671734775274,2.4810354182146113,-0.5107806838628579,0.001652330614800434,-0.5165734304677757,0.2894263632858602,2.4487987424390565,-1.0786484642207126,-0.0586313129627693,-0.1566478931153499,0.20897607470138624,2.4192420066172513,-2.143758621549294,0.015498525398368558,-0.01428289727087562,0.13406387618233986
254.112,2.0247665142849307,1.7973419398889092,-0.010782227153135853,0.26120017594622114,0.16960151440572732,1.8341590091790694,0.8948585415907697,-0.015256773203444828,0.4124730812570647,0.5462671734775274,2.4810354182146113,-0.5107806838628579,0.001652330614800434,-0.5165734304677757,0.2894263632858602,2.4487987424390565,-1.0786484642207126,-0.0586313129627693,-0.1566478931153499,0.20897607470138624,2.4192420066172513,-2.143758621549294,0.015498525398368558,-0.01428289727087562,0.13406387618233986
254.212,2.025556359915739,1.827086949879336,-0.00876167502037301,0.2651210636010005,0.16950654404816118,1.825722459500384,1.001552960848505,-0.02183765216842618,0.474795100046451,0.5523323803355386,2.4810354182146113,-0.5107806838628579,0.001652330614800434,-0.5165734304677757,0.2894263632858602,2.4487987424390565,-1.0786484642207126,-0.0586313129627693,-0.1566478931153499,0.20897607470138624,2.4192420066172513,-2.143758621549294,0.015498525398368558,-0.01428289727087562,0.13406387618233986
254.312,2.025556359915739,1.827086949879336,-0.00876167502037301,0.2651210636010005,0.16950654404816118,1.8387580876735248,1.0632120121054656,-0.0070892617425370365,0.4885358192124848,0.5441882308665622,2.4810354182146113,-0.5107806838628579,0.001652330614800434,-0.5165734304677757,0.2894263632858602,2.4487987424390565,-1.0786484642207126,-0.0586313129627693,-0.1566478931153499,0.20897607470138624,2.4192420066172513,-2.143758621549294,0.015498525398368558,-0.01428289727087562,0.13406387618233986
